Wired,2016,[],1,false
Headcleaner,2001,[Vaughan Baker - Alan Rushbrooke - Harry - Toby Shuall - John Robinson - Peter Hellicar - James Woodley - Daniel Hakansson - Mark Channer - Gustav Eden - Franklin Stephens - Ali Cairns - Paul Silvester],2,false
Driving South,2002,[],3,false
The National Skateboard Co. Video,2016,[],4,true
Lost and Found,2005,[Danny Brady -  Neil Smith -  Scott Palmer -  Ben Grove -  Paul Shier -  Vaughan Baker -  Mike Wright -  Colin Kennedy -  Chewy Cannon -  Mark Baines -  Nick Jensen],5,true
Community,Year unknown,[],6,false
Sox Watkins - Corner Store,Year unknown,[],7,false
Horizons,2008,[],8,true
Anthems,1998,[Matt Pritchard -  Paul Shier -  Colin Kennedy -  John Rattray -  Mark Baines -  Flynn Trotman -  Rob Selley],9,false
V Nice,2016,[],10,false
Urbane Mob,2006,[],11,false
Creation,2001,[Neil Urwin -  Rodney Clark -  Greg Finch -  Flynn Trotmann -  Gunner -  Pete King -  Barry Dring -  Mat Fowler -  Rob Selley -  Matt Davies -  Leo Smith -  Jody Smith],12,false
Unapromo,1998,[Paul Silvester -  Alan Rushbrooke -  Franklin Stephens -  Peter Hellicar -  Harry -  Mark Channer -  Vaughan Baker],13,false
Logic Skateboarding Media 2,1999,[],14,false
Wavemode,Year unknown,[],15,false
Savoir Faire,2008,[],16,false
H'min Bam,2004,[],17,false
Static IV,2015,[],18,false
Get3,2014,[],19,false
Workers and Lurkers,2006,[],20,false
The Lovenskate Video,2014,[],21,false
Make Friends With The Colour Blue,2010,[],22,true
s Boroughs,Year unknown,[],23,false
Ordinary Madness,2012,[],24,false
Brass Monkey,2011,[],25,false
Jus Foolin,2003,[Will Ainley -  Dan Wileman -  Joe Habgood -  Paul Carter -  Zak Pitter -  Matt Keal -  Danny Wainwright -  Flynn Trotman],26,false
Live From Antarctica,2005,[Louie Jones -  Arthur Tubb -  Tamago -  Rogie -  Chris Pulman -  Nick Worthington -  Fos -  Howard Cooke -  Hamaji -  Chopper],27,true
Juice,1997,[Alex Moul -  Rodney Clarke -  Ali Cairns -  Danny Wainwright -  Joe Habgood],28,false
720,1992,[Carl Shipman -  Alex Moul -  Geoff Rowley -  Pete Dossett],29,false
The Drive,2012,[],30,false
Austerity Dawgs,2013,[],31,false
Writers Block,2007,[],32,false
Endless Bummer,2014,[],33,false
Eleventh Hour,2013,[],34,true
Belong Tour,2002,[],35,false
Fifty-Fifty Promo,2005,[],36,false
Dimensions,2009,[],37,false
In Progress Bonus Disc,2011,[],38,false
Paul,Year unknown,[],39,false
The Sour Solution,2015,[],40,false
Black Glove,2008,[],41,false
The Amazing A Third Foot Tour,2003,[Damon Levanthal -  Bob Sanderson -  Ben Blake -  Ted Moyle -  Tom Brown -  Joe Gavin -  Kris Vile -  Rich Lewis],42,false
Fine,Year unknown,[],43,false
Leisure,2004,[Joe Gavin -  Ben Perry -  Woody -  Dan Rees -  Keith Miller],44,false
In Progress,2011,[],45,false
Promo Ninety Six,1996,[],47,true
Wheels of Fortune,1999,[],48,false
City of Rats,2012,[],50,false
MFWTCB,Year unknown,[],51,false
Excursion,Year unknown,[],52,false
Sundays,Year unknown,[],53,false
Focus,1999,[],54,false
True To This,2015,[],55,false
Time For Tea,1996,[],56,false
Better Than Life,2007,[],57,true
A Mixed Media,1996,[],58,false
Omnibosh,Year unknown,[],59,false
Celebraty Tropical Fish,1991,[],60,true
Ex Rental,1999,[],61,false
Albion,Year unknown,[],62,true
Five Incher,2012,[],63,false
Brighten,2009,[],64,false
Baghead Flats,2008,[],65,false
Genie of the Lamp,1998,[],66,false
NTWICS,2012,[],67,false
Radio Television,2010,[],68,true
Deconstruction,1998,[],69,true
Landscape,Year unknown,[],70,true
AB&A,2013,[],71,false
Sub C-Y,1998,[],72,false
Mission ImpossibHull,1998,[],73,false
Trim,Year unknown,[],74,false
s Seven,Year unknown,[],75,false
Tincan Folklore,1996,[],76,true
This Time Tomorrow,2010,[],77,false
Dreams That Money Can Buy,2012,[],78,false
Wolfstadt,2006,[],79,true
Spoonful,Year unknown,[],80,false
Collage,2001,[],81,false
Scenic Drive,1995,[],82,true
Tweak the Beef,2012,[],84,true
Five Years,2013,[],85,false
GY Borough,2009,[],86,false
Bristol in Bloom,2003,[Matt Williams -  Korahn Gayle -  Ashley Skidmore],87,false
In Motion,2004,[Ben Grove -  Paul Silvester -  Franklin Stephens -  Benny Fairfax],88,false
Portraits,2003,[Joel Curtis -  Snowy -  Toby Shuall -  Olly Todd],89,true
Pulling Teeth,1999,[Dougy Maglouchlin -  Jon Exley -  Tom Brown -  Cully -  Ian Flesher -  Schoolboy -  Howard Cooke -  Lecky -  Paul Silvester -  Lee Rozzee],90,false
Steady,2001,[Mark Baines -  Ali Boulala -  Joel Curtis -  Eric Koston -  Rick McCrank -  Scott Palmer -  Matt Rodriguez],91,true
Shredder,Year unknown,[],92,false
OAF,2011,[],93,false
First Broadcast,2002,[Colin Kennedy - Paul Shier - Scott Palmer - John Rattray - Franklin Stephens - Nick Jensen - Mark Baines - Snowy - Oli Todd - Joel Curtis - Toby Shaull - Ali Cairns - Vaughan Baker],94,true
Rivers Edge,2009,[],95,false
Goose,Year unknown,[],96,false
Joms,Year unknown,[],97,false
MDCX,Year unknown,[],98,false
Style,Year unknown,[],99,false
Perspectives,Year unknown,[],100,false
Squadrophenia,Year unknown,[],101,true
Snowy,Year unknown,[],102,false
Get In!,2004,[],103,false
Never Been Loved,2004,[Mike Sucliffe -  Rodney Clarke - Flynn Trottman - Akim Chrif - Ross McGouran - Nobby Roth - Javier Barroso - Dominic Dietrich - Manuel Margreitter - James Gardner - Ed Clarke - Dan Wileman - Brendan Ryall - Lucien Clarke - Rory Milanes - Ben Cundall - Emilio Arnanz - Chris Oliver - Mattias Nylan - Darryl Cashman - Joe Habgood - Marc Churchill - Ben Reamers - Simon Skipp - Brendan Ryall - Tom Crowe - Ivan Rodrigues Marques - Samantha Bruce - Trevor Beasley - Wayne Gallagher - Blayney Hamilton - Rob Benson - James Gardner - Irish Snowy - Lucy Adams],104,false
Avi,Year unknown,[],105,false
Vase,Year unknown,[],106,true
Jaime les Filles,Year unknown,[],107,false
Aint even Tryin,Year unknown,[],108,false
Wheres Cliche?,Year unknown,[],109,false
HAUNTS,Year unknown,[],110,false
This Way Up,2001,[],111,false
Nocturnis,Year unknown,[],112,false
Vapors,2006,[Korahn Gayle -  Josh Perret -  Mackey -  Welsh Tommy -  Tony Da Silva -  Owain John -  Ashley Skidmore -  Ash Brown -  Ferg -  Chris Wilson -  Tim Crawley],113,false
The Fifty-Fifty Promo,2005,[],114,false
Good Shit,1999,[Rough Mike -  Blind Ollie Soft Rock -  Fos -  Snowy -  Simon True],115,false
Pro Part,2011,[],116,false
Bingo,Year unknown,[],117,false
Bristols Finest,2009,[],118,true
Untitled,2005,[],119,false
Once Upon A Time,2005,[],120,true
Kenobeds,2002,[],121,false
Rookies,1995,[],122,false
Magic,1999,[],124,true
Feed The Need,2007,[],125,true
If You Ever,2009,[],126,false
Little Picture,2005,[Si Clarke -  Olly Tyreman -  Tony Da Silva -  Eddy Belvedere],127,false
Before Capture,2003,[Joe Minta -  Dan Leech -  Carl Vance -  Chewy Cannon -  Ben Rodriguez -  Franklin Stephens -  Neil Smith -  Tom Lock -  Tim Crawley],128,false
WORD,Year unknown,[],129,false
Whats Cookin?,Year unknown,[],130,false
Northbound,2006,[],131,true
Stalker,2003,[],132,false
The Belong Tour,2002,[Paul Shier - Danny Brady - Paul Carter - Snowy - John Fisher - Vaughan Baker - Nick Jensen - Mark Baines - Colin Kennedy - Ben Grove - Neil Smith - Oli Todd - Toby Shaull - Joey Crack],133,true
Waiting For The World,2000,[Colin Kennedy - Mark Baines - John Rattray - Carl Shipman - Scott Palmer - Nick Jensen - Andres Holguin - Paul Carter - Channon King],134,true
Build & Destroy,1999,[Paul Shier - Scott Palmer - Colin Kennedy - Rob Selley - Matt Pritchard - Nick Jensen - Flynn Trotman - John Rattray],135,false
Once Upon a Time,2005,[Danijel Todorovic - Tom Harrison - Joe Gavin - Paul Silvester - Jak Pietryga - Edward Belvedere - Veran Tull],136,true
Wheels of Confusion,1998,[Russell Cowling - Steve Baker - Kevin Boddington - Tom Baker],137,false
Loose Trucks and Two Smoking Bearings,1999,[Michael Jaye - Laurie Sherman - Michael Daley - Robert Jaye - Gunner],138,false
Generation X,1999,[Matt Davis - Clint Van Der Shyff - Ben Layden - Stuart Graham - Gary Chevalier - Carl Vance - Greg Nowik],139,false
CTDV01X,2001,[Chris Oliver - Mattias Nylen - Simon Skipp - Benny Fairfax - Brian Jones - Mark Calipe],140,false
Styles by the Dozen,2000,[Brian Jones - Chris Oliver - Simon Skipp],141,false
Spirit of the Blitz,Unknown Year,[Alex Moul - Paul 'Rocker' Robson - Jocke Olson - Davy Van Laere - Nordien Quaathi - Andy Scott - Sean Goff - Rune Glifberg - Pete Dossett - Mark Van Der Eng - Blair McCafferty - Luke McKirdy - Merlin Nation - Neil Fry - Ian Deacon - Greg Nowik],142,false
Up the Rebels,2004,[Bernie Rae - Ed Clark - Lucian Clarke - Mark Foster - Andrew Parry - Harry - Mark Channer - Alan Rushbrooke - Ali Cairns - Paul Silvester - Conhuir Lynn - Emilio Arnanz],143,false
Everything is Going to be Alright,2002,[Joey Crack - Arthur Tubb - Fos - Ozawa - Singhy - Blind Ollie Soft Rock - Snowy - Chopper - Chris Pulman],144,false
Tourettes,2004,[],145,false
Urban Reality,2000,[Roddy Smith - Eddy Highes - Stuart Duncan],146,false
System Video,1994,[Harry - Neil Urwin - Gordon Skrezka - Carl Shipman - Tom Penny],147, false
Attack,1989,[],148,false
Shit on the Lens,2003,[Amir Williams - Avi - Eddie Belvedere - Joe Nobes],149,false
Promo,2000,[Ben Blake - Norman Winter - Bob Sanderson - Simon Peplow - Olly Todd - Damon Levanthal - Rich Lewis - Joe Gavin],150,false
B-Scene,2004,[Mark \Snowy\ Brew - Steve Kelly - Jay Reddan - Martin Regnell - Rob Benson - Blayney Hamilton - Wayne Gallagher],151,false
The Lord Video,Unknown Year,[John Dalton - Howard Cooke - Adam Cooke - Robbie Reid - Pete Hellicar - Alan Rushbrooke], 152, false
Escape from Boredom,2005,[], 153,true
Squadophrenia, 2004, [],154,false
Death Squad the Movie,Year Unknown,[],155,false
Solar Powered,1998,[Colin Pope - Bram Weeks - Lee Dainton - Mappe Malinen - Frank Stephens - Jussi Korhanen - Ben Layden - Vaughan Baker - Magnus Llundel],156, false
Life Support, Unknown Year, [Alan Rushbrooke - Ben Layden - Mark Channer - Jussi Korhanen - Frank Stephens - Mappe Malinen - Lee Dainton - Colin Pope - Vaughan Baker - Harry - Ali Cairns],157,false
Pritchard vs Dainton,Year Unknown,[],158,false
Uk Team Athens Tour,2004,[Neil Urwin - Leo Smith - Jody Smith - Amir Williams - Snoopy],159,false
Uk Team Tour,2001,[Neil Irwin - Colin Kennedy - Jody Smith - Rob Selley - Flynn Trotman - Laurie Sherman - Mark Brewster], 160, false
Uk Team Tour Promo, 2000,[], 161, false
Mouse is Pulling the Key, 1991,[],162,false
The Vans Tour,2002,[Danny Wainwright - Marc Churchill - Franklin Stephens - Oli Todd - Emilio Arnanz - Blayney Hamilton - Hugo Liard - Dave Chesson - Howard Cooke],163, true
Holeshot Comp, 1987,[],164, false
Airtime 2, 1989,[],165,false
Underwraps,2004,[Olly Todd - Tony Da Silva - Joe Gavin - Neil Smith - Mike Wright - Ben Grove - Conhuir Lynn - Danny Brady - Rodney Clarke],166, false
Breakthough, 2002,[],167,false
Equilibrium,2000,[Craig Smedley - Ian Rees - Adam Fletcher - Gaz Jenkins - Sam Culshaw - Ron Nelson - Alex Nelson],168,false
Zoom,1998,[Scott Underdown - Brad Garner - Ian Rees - Adam Fletcher],169,false
Road to Nowhere: Osiris UK Tour,2000,[Dave Mayhew - Jerry Hsu - Chad Knight - Josh Kasper - Dave Coyne - Tyrone Olson - Chris Dobstaff - Kevin Davis - Paul Carter - Andy Simpson - Gaz Jenkins - Stu Graham - Paul Alexander - Joe Habgood - Steve McQueen - Dave Snaddon - Dave Chesson - Danny Wainwright - Matt Pritchard - Matt Davis],170,false
Purpose Built,2002,[Andy Simpson - Matt Pritchard - Danny Wainwright - Stu Graham - Dave Snaddon - Matt Davis - Joe Habgood - Gaz Jenkins - Steve McQueen - Dave Chesson - Paul Alexander - Chris Gibbs],171, false
Trilogy, 2006,[],172,false
Format,2000,[Flynn Trotman - Matt Davies - Vaghan Baker - Mark Channer - Paul Carter - Matt Keal - Paul Alexander - Justin Sydenham - James Hacker - Danny Wainwright - Joe Habgood],173,false
Bristol Zoo,1997,[James Hacker - Paul Carter - Bam Margera/Mike Maldonado/Kerry Getz - Wesley Morgan & Die McAusand - Justin Sydenham & John Fogarty - Danny Wainwright],174,false
Deez Nuts,2003,[Sam P - Scott Walker - Willis - Tom Ball - Mark Nicolson - Wag - Dan Dear - Dan Cates - Stuart Crook],175,false
Fish,2001,[Mark Nicholson - Dan Cates - Tom Ball - Andrew Willis - Oliver Moxey],176,false
Ched,Year Unknown,[],177,false
Industrial,2003,[Danny Calow - Neil Urwin - Kevin Dawson - Dan Quinney - Ronny Calow - Peter Singh - Mikey Wright - Tom Brown - Schoolboy - Ewan Metcalfe - Dan Quinney],178,false
Ignite,2001,[Danny Calow - Neil Urwin - Kevin Dawson - Dan Quinney - Ronny Calow - Peter Singh],179,false
Salt n Sauce,2004,[Brian Jones - John Anderson - Russ Hall - Stu Graham - Jack Richardson - Alex Johnson - Jamie Johnson - Mark Burrows - Mark Foster],180,false
The House Video,Unknown Year,[Paul Edmonton - Dave Womersley - Ron Calow - Scott Hardy - Richard Chung - Nick Mosely - Jerome Campbell - Arthur Tubb - Lee Coaton - Jim Harahan - Paul Silvester],181,false
Outlines,2005,[Chewy Cannon - Neil Smith - Adam Howe - Tom Lock - Dan Leech - John Minta - Veran Tull - Sam Juner - Tim Crawley],182,false
Street Skater,1991,[Jon Weatherall - Alan Rushbrooke - Brad Garner],183,false
Sweet n Sour,2003,[Chris Peacock - Ryan Burge - Mike Vincent - Dan Bettridge - Joe Rideout],184,true
Rough Ground,Unknown Year,[Jody Smith - Jack Pound - Glen Dogg - Andrew Parry - Mark Vasey - Stuart Titmus - Dylan Roberts - Leo Smith],185,false
Skidding the Rim,2005,[Dan Cates - Mark Nicolson - Horsey - Ben Cundall - Rodney Clarke - Wag - Simon Skipp - Mark Brewster - Steve Hemming - Chad Thomas - Andrew Willis - Tom Ball - Nick Orecchio],186,false
Smash Skates Vol. 1 - Final Cut Yo!,2005,[Smash Skates Vol. 1 - Final Cut Yo! - Ben 'Scrappy' Heffernan - Mikee Jarvis - John King - Andy Rhodes - Glen Cone - Ash Lever], 187, false
King of the How Man,2005,[],188,false
Street Skater 2,Year Unknown,[],189,false
UKVM4,2005,[Week in the life of Franklin Stephens - Edinburgh - Tom Harrison - On tour: Osiris/Bay 66 - Company profile: Dope - Day in the life of Dan Cates - Meanwhile Jam/Urban Games - Loads of extras],190,false
UKVM3,2004,[Rodney Clarke - Ben Cundall - Oxford location guide - A Third Foot company profile - Guest sections from other companies],191,false
UKVM2,2004,[Ben Grove - Ron Calow - Dan Cates - Leeds location guide - Minute company profile - Guest sections from other companies],192,false
UKVM1,2003,[Leo and Jody Smith - Bristol location guide - Unabomber company profile - Comps and Jams],193,false
Video-log #7,1996,[Ben Rodriguez - Scott Underdown - Franklin Stephens - Mark Channer - Harry - Matt Fowler - Blayney Hamilton],194,false
Video-log #6,1995,[Mark Channer - T.S.A. Team Profile - Franklin Stephens - Brian Sumner - Treefort Promo - Gary Chevalier - Comp. Reports - Chad Muska - Cantaloes - Vinnie Ponte - Huntingdon Beach - Best of Video-log],195,false
Video-log #5,1995,[The UK Championships - Broadmarsh Banks - Munster - Luke McKirdy - John Rattray - Geoff Rowley - Tom Penny - Harry],196,false
Video-log #4,Year Unknown,[],197,false
Video-log #3,Year Unknown,[],198,false
Video-log #2,Year Unknown,[],199,false
Video-log #1,1994,[Tom Penny - Danny Wainwright - Neil Urwin - Carl Shipman - Harry - Mark Baines - Geoff Rowley - Alex Moul - Rune Glifberg],200,false
540,1991,[Alex Moul - Tony Hawk - Nicky Guerrero - Mark Gonzales - Planet Earth Tour (with Chris Miller and Buster Halterman) - H-Street Hokus Pokus Tour (with Matt Hensley - Ron Allen - Tony Mag - etc) - New Deal Tour (with Jon Montessi - Sanny Sargeant and Armando Barajas) - Vision Street Wear Demo (Bucky Smith and Chris Gentry at Southsea) - Santa Cruz Tour (with Eric Dressen - Alan Petersen and Tom Knox) - Leicester/Nottingham/Derby (with Alex Moul - Matt McMullen and Bryn Francis) - Product section with hardware and clothes - Jesse Martinez - Bill Danforth - Justin Gerrard - Joe Lopes - Steve Schneer - Bucky Lasek - Tom Penny - Sean Goff and Chris Livingston],201,false
Day in the City #4,2005,[Toby Batchelor with Dan Cates - Moggins & Nick Zorlac - Matt Hirst with Jerome Campbell & Danny Beall - Jon Drever with Dave Snaddon - Rich Holland with Richard Hardy - Lewis Phillips & Loui - Guido Gazzi with Christopher Ault - Shaun Witherup & Jak Pietryga - John Cattle with Bod & Julie Bevis - Adam Gendle/John Verity with Brendan Ryall - Jennifer Baxter & Tom Knox - Kevin Parrott with Ross McGouran - Simon Skipp & James Gardner - Matt Holley with Ben Grove & Tom Watts],202,true
Day in the City #3,2003,[Ciaran O'Connor with Alan Collins & Max Olijynk - Toby Batchelor with Nicky Howells & Ben Cundall - Paul Hayward with Mark Kendrick & Lewis Threadgold - Mark Munson with Ben Raemers & Carl Wilson - Mark Nicholson with Dan Cates & Danny Callow - Lewis Ross with Tom Lock & Jack Astbury - Craig McDonald with Roddy Smith & Grieg Corr - Jon Dreve with Amir Williams & Tom Banham - Stephen Chippett with Mark Bryan & Stephen Chippett - Chris Atherton with Sean Smith & Eddie Belvadere - Phil Greg with Andy Mac & Joe Knobes - Louis Gane with Matt Keill & Dan Whileman - Matthew Ryan with Matt Pritchard & Dylan Hughes - Lee Dainton with Ollie Tyreman & Pete Rigby],203,false
Day in the City #2,2002,[Kevin Parrott & Benny Fairfax - Tidie & Danny Wainwright - Toby Batchelor & Scott Hardy - Mark Munson & Barry Dring - Rich Holland & Greg Finch - Greg King & Chewy Cannon - Chris Martin & Glen Lyall - Paul Haywood & Mark Kendrick - Bingo & Ronnie Callow - Stew Bentley & Gary 'Woody' Woodward - Bod & Danny Callow - Guido & Laura Crane - Sam Barratt & Paul Sylvester],204,false
Day in the City #1,2001,[Rich Holland & Franklin Stephens - Mark Foster & Chris Pulman - Mark Munson & Barry Dring - Frazier Campbell & John Robinson - Neil Chester & Scott Palmer - Lee Dainton & Chris Gibbs - Si Cotowicz & Dan Cates - Andy Coombes & Justin Parker - Christian Stevenson & Emilio Arnanz - Kevin Parrott & Mark Brewster - Dan Magee & Nick Jensen - Alan Glass & Blind Ollie Soft Rock - Andy Evans & Marc Churchill - Guido & Henry Lambourne],205,false
Viewfinder #4,2002,[Wales - Livingstone - Ireland - Yorkshire - Julian Molyneux - Bath and Bristol - Blackpool - Mark Bryan],206,false
Viewfinder #3,2000,[Southampton - Radlands - Osiris Tour - Norwich - Isle of Wight],207,false
Viewfinder #2,1999,[Bath & Bristol - Frank Stephens - Gustav Eden - Southampton - Paul Haywood - Milton Keynes Big Day Out - Luke McKirdy - Brighton - Northampton Summer Comp - Nottingham & Derby - Chris Pulman - Scotland - Oxford - Alex Moul - Matt Pritchard - Plymouth - Belfast - St Albans Comp],208,false
Viewfinder #1,1998,[Frank Stephens - Mark Baines - Harry - Colin Kennedy - Carl Shipman - H - Alex Moul - John Rattray - Neil Urwin - Mark Channer - Paul Shier - Mike Manzoori - Chris Pulman - Sean Goff] ,209,false
The Big Push 2, 2006,[],210,false
The Big Push, 2005,[],211,true
Rollin' Through the Decades ,2005,[],212,false
H'Min Bam,2004,[Div Adams - Callum Barrack - Jamie Bolland - Seb Curtis - Ferg - Mark Foster - Stu Graham - Colin Kennedy - Ben Leyden - Daz Main - John Rattray],213,false
Playing Fields,1997,[Alex Moul - Matt Fowler - Franklin Stephens - Mark Channer - Ben Rodriguez - Colin Kennedy - Danny Wainwright],214,false
Wide Eyed World,1993,[Alan Rushbrooke - Ali Cairns - Niel Urwin - Carl Shipman - Harry - Danny Wainwright - Ben Bodilly - Colin Kennedy - Matt Pritchard - John Hayward - Matt Fowler - Simon Skipp - Mark Baines - Luke McKirdy],215,false
Straight to DVD,2004,[Mark Churchill - Alan Glass - Colin Pope - Bob Sanderson - Paul Clenton - Daniel Gesmer - Mark Brewster - Danny Wainwright - Ben Grove - Frank Stephens - Dave Chesson - Ben Layden - Julien Molineux - Chad Muska - Amir Williams - Andy Scott - Olly Todd - Greg Nowik - Pete King - Stu Graham],216,false
Straight to Video,2003,[Mark Churchill - Alan Glass - Colin Pope - Bob Sanderson - Paul Clenton - Daniel Gesmer - Mark Brewster - Danny Wainwright - Ben Grove - Frank Stephens - Dave Chesson - Ben Layden - Julien Molineux - Chad Muska - Amir Williams - Andy Scott - Olly Todd - Greg Nowik - Pete King - Stu Graham],217,false
As If and What,2000,[Colin Pope - Bob Sanderson - Bram Weeks - Stevie Thompson - Danny Wainwright - Ben Layden - Rich Lewis - Mark Brewster - Olly Todd - Andy Scott - Dave Chesson - Howard Cooke - Vaughan Baker - Mike Manzoori - Alex Moul - Marc Churchill - Julien Molineux - Greg Nowik],218,false
Chillin',1997,[Brian Sumner - Joel O'Connor - Matt Fowler - Colin Pope - Phil Grigewood - Julian Gilbert - Chris Pulman - Greg Finch - Howard Cooke - Damon Leventhal - Bram Weeks - Vaughan Baker],219,false
Hating Life,1999,[Greg Finch - Mike Manzoori - Dave Allen - Howard Cooke - Lee Dainton - Tim Tremayne - Andy Scott - Scott Palmer - Pete Hellicar - Rodney Clarke - Andres Holguin - Mark Baines - Ali Cairns - Garry Woodward],220,false
Through the Eyes of Ruby,1999,[Mark Baines - Joel Curtis - Scott Palmer - John Winter - Neil Chester - Rob Ransford - Louis Slater] ,221,false
Hello Coco? ,2004,[],222,false
Focalpoint,2002,[Rodney Clarke - Stuart Cantellow - Danny Calow - Michael Daley - Ronny Calow - Matt Anderson - Craig Smedley - Brad Garner - Mark Nicolson - Nick Orrechio - Riz - Kenrae James - Gaz Jenkins],223,false
Secrets & Lies,2005,[Olly Todd - Adam Stoddart - Kev Dawson - Danny Calow - Ronny Calow],224,false
Odeon,1998,[Peter Singh - Bod - Ronnie Calow - Danny Calow - Oli Todd - Kev Dawson],225,false
Dismantled,1996,[Peter Singh - Bod - Ronnie Calow - Danny Calow - Oli Todd],226,false
Hidden,2002,[Jeremy Evans - Bruce Kelliher - Rob Benson - Wayne Gallagher - Alan Collins],227,false
It Can't Rain Forever,2000,[Bruce Kelliher - James Black - Rob Benson - Wayne Gallagher - Jeremy Evans - Alan Collins],228,false
10 Years Gone,Unknown Year,[Carl Shipman - Alex Moul - Greg Nowik - Matt McMullen - Tony Luckhurst - Sami Hirithi - Tom Penny],229,false
Sound and Vision,Year Unknown,[],230,true
Point Seven Five,Unknown Year,[Glen Lyall - Dennis Lynn - Pete Adam - Conhuir Lynn - Bernard Rae] ,231,false
Bag it Up ,2005,[] ,232,false
VIP Dubplate Selection ,1998,[],233,false
Ollie the Gap,1988,[Sean Goff - Christian Hosoi - Wurzel - Salba - Jeff Grosso - Crispin],234,false
Ollie the Gap - The Remix,1988,[Ollie the Gap - The Remix],235,false
Seen,2005,[Stu Titmus - Andrew Parry - Mark Larman - Jeff Penfold - Paul Rimmer - Leo Rhodes - Leo Smith - Jody Smith],236,false
Random,Unknown Year,[Toby Bachelor - Arthur Tubb - Ben Cundall - Chris Warner],237,false
Sub CY,Unknown Year,[Arthur Tubb - Paul Silvester - Julien Rogers - Toby Batchelor - James Ewens],238,false
Collective,2005,[Snowy - Graham Hislop - Al Collins - Jer Evens - Wayne Gallagher - Joey Lynch],239,false
What's the Point?,Year Unknown,[],240,false
Six Counties,2002,[Dennis Lynn - Darren Hall - Jay Docherty - Jonny Mulgrew - Ryan O'Neile - Liam Rea - Mini Brown - Bernard Rea - Conhuir Lynn],241,false
Ephemera,Year Unknown,[],242,false
White Label,Year Unknown,[],243,false
Above,Year Unknown,[],244,false
Still in Progress,2004,[Matt Davies - Paul Alexander - Leo Smith - Jody Smith - Welsh Tommy - Josh Perret - Owain John - Spex - Trawler - Carl Vance - Tim Crawley - Dan Leech - Mattias Nylen - Joe Habgood - Dan Wileman - Paul Carter - Flynn Trotman - Matt Keal - Zak Pitter - Will Ainley - Danny Wainwright - Rob Gonzales - Chet Childress - Danny Fuenzalida - Tony Mafre - Hugo Liard - Flo Marfaing - Nilton Nieves - Chris Senn - Ali Cairns - Rentor Millar - Rune Glifberg - Andy Binns - Arwyn Davies - Dickie],245,false
Work in Progress,Year Unknown,[],246,false
Structure,2005,[Michael Casey - Owen Reed - Crazy Chris - Yarmouth Park - Roger - Gibbs - Spex - Joe - Tom Lock & Pirate Posse - John - Fuller - Chewy Cannon - Benny B - Adam Clark - Mally - Chris Yeomans - plus friends from all over],247,false
Ex-Rental,1999,[Ben Rodriguez - Channon King - Sandy - John Jagadowski - Frank Stephens - Simon Burlo - David Underwood - Carl Vance - John Minter - Brian Wilson - Jamie Hinks - Ed Watling - Adam Mondon],248,false
Grow Up,1998,[David Underwood - Adam Mondon - Ben Marr - Frank Stephens - Channon King],249,false
Promotional 97,1997,[Paul Warrington - John Starkey - Ancee Korpella - Steve Molloy - Mat Harfield - Darren Mottershead] ,250,false
Tough Guys ,1995,[] ,251,false
From the Inside Looking Out ,1999,[] ,252,false
Sell Your Soul ,1998,[],253,false
Hate Portsmouth Love Southsea,2004,[Paul Clilverd - Punk Paul - Jack - Ellis & Emo - Alberto - Fat Dave - Bomber - Lil Tom & Graham - John B - Cody - Rough Mike - Lanky Tom - Gary Scott - Pet Shop Ads - Push Hugh - Tristan Savage - Phil & EZ - Kevin Kirkham - Vincent - Joe],254,false
A Canterbury Skateboard Video ,2004,[Myles Lucas - Theo Krish - Ben Kelly - Rob Cameron] ,255,false
Hereford Splendour ,2004,[] ,256,false
Hidden Agenda ,2003,[],257,false
Plankers,2002,[Sam Wig - Nick Galloway - Sam James - Mat Perham - Aonghus O'Brien - Chris Wyatt - Harry Rook - Tom Powis - James Gardner],258,false
Presenting,2001,[Barcelona trip with Sidewalk - Birmingham's King of Street comp - 'Surviving the Winter' featuring many uk indoor and outdoor parks - 'The Destruction of a Scene' focusing on Birmingham],259,false
Are You Down?,Unknown Year,[Mark Stockton - Olly Tyreman - Kev Eley - Joe Gavin - Tony da Silva - Paul Hill - James Wise - Alex Davis],260,false
Tea Break,1998,[Chewy Cannon - Greg King - Noel Dashwood - Si Holbrook],261,false
Done,2005,[Ivan Rodrigues Marques - Diego Dourral - Reuben Goodyear - Bizo - Fos - Jimmy Boyce - Tony Pirate],262,false
Into the Fall,2006,[Sandy - Steve Bailey - Paul Gonella - Russell Cowling - Adam Leeds - Sam Juner - David Dixon - Jay Tate - Ben Sutcliff - Neil Smith - David Underwood - Veran Tull],263,true
Lately,2005,[Russell Cowling - Ben Sutcliff - Adam Leeds - Barry Ewers - Dan Jacka - Keith Stallwood - Dan Tubb - Jim Rands - Justin Carline - Paul Gonella - Paul Tambini - Gary Scott - David Dixon - Sam Juner - Veran Tull - Sandy] ,264,false
Pigeon ,1999,[],265,false
Zoo: 365 in Southsea,1998,[Pete Easton - Mark Bolland - Gary Scott - Paul Gonella - Kevin Peacock - Gorm - Matt J - Kevin Kirkham - Keith Martin - Chris Pulman - Chris Moore - Matt O'Neill - Nick Lightening - Andy - Irvine - Ian Collonette - Ian Harper - James Harper - Iian Wheatman - Russell Cowling - Smooth Mike - Rough Mike - John B - Paul Tambini] ,266,false
Network Neighbourhood ,1996,[] ,267,false
International Coverup ,1996,[] ,268,false
Crack in the Clouds ,1995,[] ,269,false
Et Cetera ,2005,[],270,false
Yar Yar Land,2004,[Joel the Bum - Ryan Carr - Chewy Cannon - Adam Clark - Noel Dashwood - Greg King - Sam Morgan - James Price - Mathew Raven],271,false
Underground and Overrated,2002,[Ben Bucklee - Simon Holbrook - Greg King - Matthew Penn - Chewy Cannon - Adam Clark],272,false
Inbreed,Unknown Year,[1998? - Chewy Cannon - Greg King - Neil Crowe - Tom Lock - Simon Holbrook - Nik Taylor],273,false
Get In,2004,[Louis Henderson - Gibbs - Lewis Ross - Joe Keane - Joe Coghlan - James Fuller - Jack Astbury - Alex Hunter - Adam Clark - Owen Reed - Tom Lock] ,274,false
Underexposed 2 ,2004,[],275,false
Underexposed 1,2002,[Owain John - Dylan Hughes - Tayler Oakley - Caradog Emanuel - Saul Evans - Rich \Ginge\ Evans - Dan Wood - Chris Gibbons - David Sharp - Josh Perrett - Tommy],276,false
Enter the Dragon,Year Unknown,[],277,false
4 Wheel Dragons,Year Unknown,[],278,false
Routes,2005,[Jak Pietryga - David Davies - Alex Greaves - Daniel Tomlinson - Joe Savill - Joe Buddle - Chris Ault - Noodles - Matt Simpson],279,false
Feeling Good,2005,[Keith Stallwood - Sam Wright - John Lake - Lee Stammers - Ollie Bach - Bradley Moy - Adam Mondon - Dave Underwood - Veran Tull - Ewan Williams - Russell Cowling - Carl Wilson - Dave Pettingill - Pedro Lyttelton - Simon Turner - Michael Gentle - Welsh Tommy - Jim Whitnell - Ricky Smith],280,false
Prima Facie,2002,[Len - Sam Wright - John Lake - Lee Stammers - Ollie Bach - Bradley Moy - Channon King - Frank Stephens - Jon Minta - Dave Dixon - Mark Harman - Sandy - Dave Underwood - Simon Burlo - Ewan Williams - Russell Cowling - Mick Howe - Karl Kemetmuller - Carl Wilson - Dave Pettingill - Pedro Lyttelton - Keith Stallwood - Pikey Mike - Paul Mutton - Justin Truckell - Kelvin Jones - Mark Munson - Panhead - Joe Binks] ,281,false
?aranoid ,1999,[],282,false
About Time,2001,[Gav Martin - Alex Martin - Ant Morgan - Mark Longman - Marcus Andrews - Jamie Moneypenny - Barry Dring - Jamie Drings - Paul Griffiths - Lewis Bowyer],283,false
Bristol in Bloom 2 - Warriorz,2006,[Bristol in Bloom 2 - Warriorz],284,false
Greedy Markers #3,Unknown Year,[Toby Hopper - Derek Beer - Nick Marker - Gaz Corsico - Steve Chippet - Mark Bryan],285,false
Greedy Markers #2,Unknown Year,[Toby Hopper - Derek Beer - Nick Marker - Gaz Corsico - Steve Chippet - Mark Bryan],286,false
Greedy Markers #1,Unknown Year,[Toby Hopper - Derek Beer - Nick Marker - Gaz Corsico - Steve Chippet - Mark Bryan],287,false
Fast Ride to Suicide,Unknown Year,[Toby Hopper - Derek Beer - Nick Marker - Gaz Corsico - Steve Chippet - Mark Bryan],288,false
Why?,Unknown Year,[Jake Malt - Thom Greybe - Johnny Brown - Alex Tibble - Kevin Mills - Thom Greybe],289,false
Loving Life,2005,[Jonny Ward - Pete Webb - Tim Murray - Dom Henry - Nick Fone - James Cooney - Laurence Keefe - Roger Prynn - Eugene Ochieng - Beany],290,false
Lost a Pound,2005,[Dan Jordan - Brewer - Reuben Binns - Joel Taylor - Jack Mauger - Tom Gillespie - Moggins],291,false
Dirty Dogs vs The Eye of the Tiger,2004,[Jussi Korhonen - Erik Lehtola - Mike Smod - Morten Smod],292,false
Session,2003,[Ed - Glen Cone - Ash Lever - Mikee Jarvis - John King - Andy Rhodes - Tyler Bellis - Ben Heffernan - Danny Lucchese - Colville House Crew - Rob Upson],293,false
CKHD,2005,[Graham - Giles - Sam - Kirby - Holmes - Chris - ...and all the other Cockheads!],294,false
EatMyGoal,2005,[Eric Thomas - Cheeze - Chris King and Spud - Curt Bagley - Wilko - Sam Taylor],295,false
Cheese On Tape,2006,[Amir Williams - Voi Smith - Duncan Christy - Will Richards - Chris Lentner - Tom Grantham - James Kilpatrick - Tom Felix - Will Jarvis - Lois Cooper],296,false
Gettin Thru the Winter,2006,[Simon Murden - Marc Banks - Mike Foreman - Paul Regan],297,false
Things I Don't Remember,2005,[Joe Lynskey - Mike Wright - James Millar - Jerome Campbell - Lee Rozee - Fran Clarkson - Jason Brown - Korahn Gayle - Tom Harrison - Josh 'Manhead' Young],298,false
Shine On,2004,[Fran Clarkson - Joe Lynskey - Mike Wright - Liam Sproat - Seb Bustos - Tom Harrison - Jason Brown - Brian Smith - Ben Welch - Leon Bottomley],299,false
Shavers,Year Unknown,[],300,false
Vertigo,Year Unknown,[],301,false
Notts Landing,Year Unknown,[],302,false
The Unknowns 1,Year Unknown,[],303,false
The Unknowns 1/2,Year Unknown,[],304,false
The Unknowns 2,Year Unknown,[],305,false
Snakeskin Jacket 1,Year Unknown,[],306,false
Snakeskin Jacket 2,Year Unknown,[],307,false
